reservation_id,probabilite_annulation,reservation_annulee
R002267,0.4168,1
R002852,0.3075,0
R003752,0.6144,1
R009926,0.6081,1
R000141,0.4751,1
R004537,0.5288,1
R004983,0.3482,0
R005365,0.4855,1
R006971,0.7208,1
R008403,0.7429,1
R008416,0.9593,1
R009595,0.4255,1
R009766,0.8318,1
R000233,0.249,0
R000625,0.695,1
R002042,0.597,1
R003015,0.569,1
R003117,0.4258,1
R003148,0.5044,1
R003676,0.1852,0
R006636,0.4071,1
R008171,0.106,0
R002243,0.3368,0
R002302,0.4825,1
R002359,0.402,1
R002654,0.1381,0
R003221,0.4074,1
R003380,0.5848,1
R004049,0.5218,1
R008147,0.5711,1
R009760,0.4015,1
R000979,0.6477,1
R003368,0.6553,1
R009905,0.5082,1
R002964,0.1634,0
R003403,0.5963,1
R003712,0.4081,1
R004881,0.4181,1
R006924,0.0559,0
R008031,0.2013,0
R009437,0.5286,1
R000644,0.607,1
R002676,0.3063,0
R003419,0.1408,0
R005008,0.5434,1
R005401,0.6569,1
R005804,0.5526,1
R007627,0.2681,0
R007851,0.4516,1
R000525,0.5538,1
R002285,0.5591,1
R003011,0.3068,0
R004110,0.1906,0
R004282,0.1984,0
R004532,0.2224,0
R004992,0.1326,0
R009219,0.3445,0
R009479,0.0657,0
R009731,0.5122,1
R003408,0.5235,1
R004766,0.3993,1
R005476,0.2297,0
R009380,0.472,1
R000792,0.0891,0
R001704,0.5085,1
R004631,0.6364,1
R005547,0.275,0
R006305,0.2242,0
R008428,0.5864,1
R009641,0.2369,0
R000736,0.2422,0
R001176,0.5813,1
R002092,0.5225,1
R005356,0.4478,1
R007599,0.5723,1
R007696,0.4422,1
R007792,0.6162,1
R007832,0.582,1
R008743,0.4397,1
R009077,0.3081,0
R009886,0.572,1
R000268,0.6186,1
R004304,0.5187,1
R004455,0.487,1
R005150,0.1269,0
R007424,0.2325,0
R004557,0.4373,1
R007129,0.3761,1
R007311,0.6157,1
R008725,0.3212,0
R008814,0.5126,1
R009426,0.5907,1
R000064,0.2586,0
R001270,0.5614,1
R002221,0.485,1
R003274,0.5761,1
R007834,0.1542,0
R007847,0.4791,1
R008511,0.1062,0
R009727,0.1958,0
R001899,0.5197,1
R003259,0.1741,0
R003570,0.4011,1
R003800,0.3596,1
R005121,0.5833,1
R006029,0.5383,1
R006602,0.3474,0
R007495,0.4666,1
R009482,0.2452,0
R009883,0.503,1
R001083,0.7008,1
R002503,0.2465,0
R002530,0.3289,0
R002531,0.1564,0
R004210,0.6417,1
R005248,0.6194,1
R006536,0.6066,1
R006819,0.3369,0
R008672,0.4821,1
R009043,0.3152,0
R009454,0.7128,1
R000662,0.3793,1
R002687,0.0429,0
R002940,0.7493,1
R003028,0.54,1
R003673,0.7458,1
R005329,0.1113,0
R005607,0.6658,1
R001350,0.5002,1
R002425,0.5352,1
R002490,0.5747,1
R003061,0.0761,0
R003184,0.7221,1
R003367,0.2515,0
R003580,0.2215,0
R005333,0.6955,1
R006410,0.5815,1
R006745,0.6603,1
R008301,0.3618,1
R009668,0.3479,0
R001885,0.1366,0
R003843,0.6259,1
R006975,0.3164,0
R007622,0.6376,1
R008314,0.3243,0
R000576,0.4524,1
R000643,0.8008,1
R001751,0.3014,0
R002644,0.3117,0
R002915,0.2794,0
R004055,0.5268,1
R004080,0.0491,0
R004396,0.0952,0
R004487,0.3948,1
R004764,0.5215,1
R009236,0.3921,1
R009248,0.3545,1
R000868,0.1254,0
R001921,0.2919,0
R001980,0.2953,0
R003255,0.1524,0
R003352,0.807,1
R004781,0.5424,1
R005451,0.6644,1
R008598,0.6464,1
R009008,0.4897,1
R009902,0.1797,0
R000840,0.1104,0
R004985,0.3642,1
R006216,0.5937,1
R006436,0.6367,1
R006517,0.6174,1
R007029,0.1261,0
R008694,0.8187,1
R009709,0.5257,1
R000053,0.1902,0
R001524,0.5341,1
R002217,0.164,0
R003284,0.4109,1
R004852,0.244,0
R006952,0.5387,1
R008413,0.3346,0
R009491,0.4461,1
R009891,0.482,1
R000075,0.3546,1
R001443,0.5028,1
R001716,0.2103,0
R002219,0.1278,0
R003736,0.4722,1
R004279,0.6114,1
R005263,0.6938,1
R005940,0.3307,0
R006181,0.4063,1
R006240,0.5999,1
R006655,0.5539,1
R006996,0.4954,1
R007158,0.2038,0
R008257,0.2414,0
R001596,0.6886,1
R001679,0.3465,0
R003841,0.5355,1
R006340,0.5205,1
R007191,0.3978,1
R007815,0.5826,1
R008658,0.511,1
R009907,0.5858,1
R009942,0.1941,0
R000237,0.2452,0
R000785,0.5894,1
R001208,0.3376,0
R001392,0.4732,1
R002478,0.202,0
R003276,0.4449,1
R006442,0.2633,0
R007884,0.1473,0
R001513,0.3034,0
R002750,0.4967,1
R004480,0.4554,1
R004553,0.1261,0
R004966,0.3477,0
R005428,0.6905,1
R005716,0.6272,1
R006689,0.4234,1
R000301,0.6363,1
R001480,0.1292,0
R002874,0.4504,1
R002886,0.274,0
R004994,0.5727,1
R006983,0.6603,1
R007743,0.3826,1
R008452,0.4482,1
R000114,0.2003,0
R003883,0.1319,0
R004393,0.7887,1
R004428,0.6401,1
R000405,0.5612,1
R001500,0.3686,1
R004001,0.4567,1
R004775,0.1719,0
R004956,0.0735,0
R006185,0.6186,1
R007996,0.3274,0
R008152,0.8924,1
R000292,0.5755,1
R001776,0.1945,0
R003776,0.6265,1
R004267,0.4309,1
R004402,0.2574,0
R004464,0.0876,0
R004736,0.2845,0
R005907,0.334,0
R007594,0.5888,1
R007849,0.5967,1
R008701,0.4716,1
R000189,0.5267,1
R002993,0.1381,0
R004807,0.5276,1
R005911,0.245,0
R006087,0.4081,1
R007408,0.2863,0
R007650,0.5966,1
R007983,0.5465,1
R009958,0.6192,1
R001614,0.1786,0
R002724,0.5318,1
R005149,0.1747,0
R006102,0.2823,0
R006813,0.6104,1
R008040,0.4598,1
R009103,0.5285,1
R009992,0.5408,1
R003647,0.1863,0
R006561,0.4087,1
R007852,0.1645,0
R007868,0.2442,0
R008491,0.5376,1
R008492,0.3745,1
R009222,0.1984,0
R001695,0.4987,1
R003579,0.5642,1
R004262,0.0984,0
R007818,0.6718,1
R008813,0.463,1
R008825,0.6115,1
R008985,0.6148,1
R000288,0.4056,1
R000439,0.1971,0
R001522,0.3235,0
R003381,0.0594,0
R004522,0.4128,1
R009508,0.2806,0
R000853,0.4343,1
R001002,0.3338,0
R002642,0.442,1
R006706,0.318,0
R006959,0.2871,0
R009334,0.434,1
R009553,0.402,1
R000134,0.5841,1
R000854,0.0675,0
R001803,0.4914,1
R003302,0.5626,1
R005425,0.5396,1
R005552,0.4022,1
R008114,0.6898,1
R009787,0.5189,1
R009836,0.5817,1
R009889,0.4369,1
R009896,0.5552,1
R001429,0.559,1
R004718,0.2274,0
R005411,0.1012,0
R005914,0.0855,0
R005941,0.4717,1
R007500,0.6537,1
R001983,0.2098,0
R002813,0.5385,1
R003430,0.4697,1
R005067,0.256,0
R006452,0.6743,1
R006587,0.8477,1
R006889,0.0909,0
R006986,0.3575,1
R008718,0.394,1
R008758,0.597,1
R000287,0.4178,1
R001583,0.6394,1
R001995,0.3457,0
R002518,0.0765,0
R002522,0.4039,1
R003667,0.5968,1
R004177,0.4883,1
R004820,0.5635,1
R005244,0.6605,1
R005653,0.6132,1
R008122,0.4542,1
R008245,0.2936,0
R008394,0.531,1
R001709,0.958,1
R003083,0.4355,1
R003852,0.6769,1
R004333,0.6578,1
R007999,0.672,1
R008312,0.23,0
R009879,0.3513,1
R000056,0.4522,1
R000121,0.3396,0
R002149,0.4932,1
R004459,0.1492,0
R006054,0.5064,1
R000006,0.3468,0
R000042,0.473,1
R001033,0.4452,1
R001219,0.7063,1
R003132,0.3742,1
R003554,0.0241,0
R003815,0.4735,1
R003851,0.5796,1
R003927,0.5103,1
R004313,0.2942,0
R004405,0.3339,0
R005052,0.7121,1
R006055,0.678,1
R006125,0.6081,1
R006273,0.2482,0
R006384,0.6751,1
R006693,0.1513,0
R007836,0.2461,0
R008282,0.5319,1
R009885,0.0835,0
R001021,0.422,1
R001188,0.4633,1
R001985,0.4254,1
R002878,0.6265,1
R003681,0.5006,1
R005820,0.5382,1
R007519,0.4073,1
R009492,0.4686,1
R009821,0.4844,1
R000593,0.4673,1
R000733,0.6059,1
R001172,0.5046,1
R001379,0.7338,1
R001951,0.1541,0
R002641,0.6307,1
R003183,0.422,1
R004265,0.4572,1
R006712,0.5948,1
R009588,0.5024,1
R000059,0.1311,0
R000265,0.6021,1
R000406,0.5544,1
R001641,0.0442,0
R002352,0.6515,1
R004559,0.6565,1
R005783,0.1826,0
R006534,0.3016,0
R009531,0.332,0
R000081,0.318,0
R000186,0.234,0
R001027,0.1676,0
R002782,0.2788,0
R002807,0.6486,1
R002838,0.1818,0
R003817,0.4766,1
R004359,0.1913,0
R004373,0.2675,0
R005063,0.5127,1
R006206,0.2454,0
R006514,0.5954,1
R007661,0.1494,0
R009789,0.5692,1
R003606,0.5647,1
R004092,0.777,1
R004179,0.6834,1
R006223,0.5286,1
R006943,0.6307,1
R008244,0.5958,1
R008408,0.3337,0
R008921,0.3697,1
R009096,0.0926,0
R000528,0.5469,1
R001812,0.5103,1
R001986,0.1726,0
R002034,0.344,0
R004250,0.2708,0
R004385,0.4968,1
R007702,0.4658,1
R007720,0.625,1
R008759,0.2978,0
R008768,0.4444,1
R009030,0.5079,1
R009119,0.5219,1
R000388,0.3563,1
R002228,0.3977,1
R002646,0.6499,1
R002901,0.5371,1
R003341,0.5003,1
R004716,0.235,0
R007185,0.3095,0
R008060,0.1914,0
R008812,0.1776,0
R000182,0.2786,0
R000417,0.5465,1
R000565,0.4634,1
R000626,0.4283,1
R002507,0.4665,1
R002761,0.5244,1
R003251,0.4478,1
R004946,0.6108,1
R006362,0.5754,1
R006678,0.7912,1
R006915,0.3621,1
R006941,0.3597,1
R007205,0.1173,0
R008850,0.5076,1
R009386,0.3507,1
R009973,0.4669,1
R000737,0.2264,0
R002543,0.5496,1
R004297,0.2863,0
R005903,0.5195,1
R006277,0.4226,1
R008753,0.5232,1
R009173,0.2654,0
R009950,0.3507,1
R000726,0.7231,1
R001032,0.5754,1
R002906,0.6802,1
R004273,0.1895,0
R004707,0.6408,1
R004891,0.1485,0
R005925,0.5247,1
R006342,0.3689,1
R006657,0.3663,1
R009682,0.5954,1
R000524,0.713,1
R000554,0.3112,0
R000911,0.1477,0
R001526,0.5637,1
R001842,0.373,1
R002966,0.5111,1
R003710,0.5019,1
R004912,0.6819,1
R004959,0.5005,1
R005482,0.5833,1
R006043,0.6169,1
R006543,0.2532,0
R007614,0.2859,0
R009844,0.6027,1
R001280,0.8665,1
R001377,0.3329,0
R001939,0.2798,0
R002971,0.5002,1
R005104,0.4427,1
R006298,0.411,1
R006396,0.066,0
R007563,0.354,1
R009825,0.4749,1
R001250,0.6591,1
R003155,0.5535,1
R003829,0.513,1
R004430,0.5086,1
R006139,0.7316,1
R004018,0.6786,1
R004346,0.2781,0
R007580,0.5369,1
R008207,0.4991,1
R009389,0.544,1
R009827,0.604,1
R001011,0.1247,0
R001563,0.0921,0
R002150,0.2303,0
R003609,0.5698,1
R004510,0.241,0
R006300,0.5219,1
R008055,0.412,1
R008521,0.1037,0
R000544,0.3639,1
R000658,0.268,0
R001100,0.387,1
R001710,0.7141,1
R002002,0.2859,0
R006201,0.5585,1
R008251,0.5827,1
R000153,0.7468,1
R002247,0.6844,1
R003268,0.3891,1
R003908,0.5557,1
R004281,0.54,1
R005728,0.1414,0
R006033,0.4905,1
R007039,0.6072,1
R009135,0.6015,1
R009818,0.6235,1
R001020,0.4103,1
R001093,0.4471,1
R003176,0.3998,1
R004068,0.6685,1
R004320,0.4393,1
R004568,0.6218,1
R006016,0.3939,1
R007087,0.3327,0
R007770,0.5107,1
R001137,0.2194,0
R001374,0.3482,0
R001736,0.4127,1
R001769,0.3631,1
R002871,0.5005,1
R006373,0.2729,0
R006509,0.5525,1
R008047,0.4134,1
R008951,0.2679,0
R009806,0.1476,0
R000365,0.7619,1
R000384,0.5431,1
R001877,0.4497,1
R003103,0.2206,0
R003517,0.4792,1
R005584,0.6997,1
R006690,0.1899,0
R007826,0.341,0
R008724,0.4751,1
R009406,0.7084,1
R009549,0.5542,1
R001122,0.2945,0
R002597,0.6232,1
R002847,0.0792,0
R003382,0.6459,1
R006754,0.6099,1
R001341,0.5464,1
R001767,0.1906,0
R003393,0.5769,1
R008818,0.5378,1
R008908,0.3502,1
R009649,0.3218,0
R000196,0.11,0
R001582,0.1583,0
R002305,0.0851,0
R003135,0.4697,1
R007075,0.4292,1
R008795,0.297,0
R009133,0.2457,0
R002963,0.3475,0
R002970,0.2245,0
R004978,0.7188,1
R005840,0.4145,1
R006837,0.5249,1
R007301,0.3183,0
R008170,0.3605,1
R009225,0.5532,1
R000357,0.5672,1
R000457,0.4805,1
R001490,0.5144,1
R001547,0.6533,1
R002086,0.4775,1
R003072,0.5392,1
R003355,0.3064,0
R003806,0.456,1
R004242,0.5047,1
R005418,0.4416,1
R006468,0.5516,1
R007455,0.188,0
R007493,0.2319,0
R007680,0.5118,1
R008426,0.5838,1
R009582,0.5059,1
R009664,0.3013,0
R001046,0.1339,0
R002236,0.6358,1
R002582,0.173,0
R002952,0.1225,0
R005674,0.4357,1
R005899,0.5292,1
R006316,0.405,1
R006411,0.5386,1
R007370,0.6314,1
R007525,0.6883,1
R007768,0.3262,0
R007923,0.4202,1
R008592,0.1509,0
R009365,0.0958,0
R009831,0.299,0
R001945,0.447,1
R003945,0.1098,0
R004020,0.2031,0
R004589,0.2721,0
R005934,0.0955,0
R006177,0.1688,0
R008071,0.5206,1
R008313,0.434,1
R009025,0.6074,1
R009210,0.3117,0
R001527,0.0534,0
R002079,0.7905,1
R002322,0.2782,0
R004884,0.5033,1
R007323,0.5444,1
R008250,0.7202,1
R008580,0.5638,1
R001354,0.5979,1
R002934,0.3152,0
R005750,0.5671,1
R006013,0.715,1
R008675,0.3191,0
R008695,0.2338,0
R008884,0.4071,1
R002240,0.6057,1
R002268,0.0744,0
R002590,0.5952,1
R002891,0.423,1
R003314,0.5155,1
R003470,0.5957,1
R005026,0.6652,1
R006417,0.4194,1
R006613,0.7275,1
R007044,0.5465,1
R008061,0.3173,0
R009163,0.3863,1
R004317,0.6552,1
R005298,0.3244,0
R006354,0.6945,1
R007164,0.4841,1
R007325,0.4575,1
R009323,0.3692,1
R002483,0.5122,1
R002801,0.1681,0
R005032,0.7105,1
R006454,0.5049,1
R006872,0.3359,0
R008331,0.4303,1
R009152,0.2414,0
R009522,0.2051,0
R009669,0.3697,1
R009711,0.1414,0
R001047,0.3652,1
R001662,0.5408,1
R002357,0.5696,1
R005377,0.5331,1
R005395,0.6297,1
R006978,0.4648,1
R000987,0.3737,1
R001584,0.4957,1
R002677,0.5763,1
R002785,0.5924,1
R003214,0.4428,1
R004211,0.4094,1
R007879,0.211,0
R008086,0.136,0
R008666,0.5975,1
R008740,0.5384,1
R009644,0.3343,0
R000739,0.5466,1
R003457,0.5553,1
R003964,0.602,1
R004739,0.4778,1
R005053,0.311,0
R006218,0.6123,1
R008938,0.2543,0
R009570,0.4409,1
R009589,0.6538,1
R002402,0.6064,1
R003172,0.3495,0
R003340,0.6744,1
R003445,0.5952,1
R003597,0.6625,1
R004391,0.0671,0
R005457,0.5648,1
R005551,0.4989,1
R006256,0.4792,1
R009185,0.4399,1
R000722,0.1554,0
R000749,0.7475,1
R000989,0.4898,1
R001082,0.355,1
R001740,0.1423,0
R002423,0.4792,1
R002429,0.4703,1
R005353,0.2789,0
R005897,0.4896,1
R006255,0.1653,0
R006614,0.5577,1
R009355,0.5534,1
R009448,0.3675,1
R001428,0.3237,0
R002420,0.5368,1
R005281,0.0957,0
R006654,0.4678,1
R008233,0.6976,1
R008781,0.1623,0
R009390,0.7032,1
R000799,0.6075,1
R002037,0.0728,0
R002453,0.5586,1
R002996,0.4475,1
R004563,0.3204,0
R004661,0.5806,1
R005133,0.1432,0
R006459,0.1934,0
R007008,0.5101,1
R008270,0.5516,1
R000548,0.3078,0
R001263,0.4102,1
R001267,0.5224,1
R001755,0.1629,0
R002122,0.2818,0
R002904,0.3048,0
R003262,0.3009,0
R004039,0.7414,1
R004089,0.1143,0
R004278,0.5854,1
R004574,0.5269,1
R005947,0.5274,1
R006237,0.5269,1
R006665,0.4842,1
R008594,0.177,0
R008649,0.5082,1
R000034,0.5315,1
R001783,0.1582,0
R001953,0.4733,1
R002881,0.6359,1
R004776,0.5059,1
R005078,0.2755,0
R006343,0.3771,1
R006616,0.5718,1
R007038,0.4408,1
R008212,0.24,0
R002648,0.7629,1
R002959,0.418,1
R003462,0.5582,1
R004375,0.3516,1
R005355,0.1391,0
R006412,0.4551,1
R008258,0.5331,1
R009951,0.4315,1
R001822,0.3461,0
R001981,0.6725,1
R002805,0.5652,1
R003418,0.5111,1
R006530,0.2896,0
R007422,0.4619,1
R000423,0.3097,0
R001186,0.0984,0
R001378,0.2015,0
R002301,0.4764,1
R002630,0.1805,0
R003663,0.2911,0
R003808,0.2891,0
R004650,0.1036,0
R004747,0.4551,1
R005553,0.552,1
R006532,0.1983,0
R006799,0.6218,1
R007116,0.4906,1
R009379,0.416,1
R000965,0.0819,0
R001119,0.4992,1
R001318,0.1451,0
R001937,0.427,1
R002253,0.1465,0
R003782,0.5503,1
R003890,0.4611,1
R004152,0.0673,0
R006877,0.394,1
R007210,0.5624,1
R008128,0.3362,0
R008151,0.5962,1
R009201,0.4274,1
R009847,0.4167,1
R000560,0.46,1
R003288,0.3382,0
R003869,0.2228,0
R004048,0.3047,0
R004306,0.5879,1
R004632,0.5315,1
R006047,0.4882,1
R006359,0.5023,1
R008179,0.4376,1
R009577,0.6123,1
R009758,0.4079,1
R002931,0.1513,0
R002944,0.4284,1
R005807,0.4436,1
R006088,0.4334,1
R009784,0.5104,1
R000090,0.6613,1
R000852,0.5514,1
R001286,0.391,1
R001322,0.3683,1
R003180,0.5935,1
R003258,0.1559,0
R003899,0.57,1
R005730,0.6537,1
R006428,0.6838,1
R006933,0.0616,0
R008382,0.5152,1
R009563,0.2379,0
R000514,0.3618,1
R000556,0.438,1
R005456,0.1927,0
R006421,0.3203,0
R007830,0.3181,0
R008283,0.5478,1
R008601,0.4284,1
R009465,0.2444,0
R000067,0.5678,1
R000703,0.888,1
R001059,0.5574,1
R002035,0.5546,1
R002855,0.4703,1
R003203,0.4705,1
R005233,0.6513,1
R006162,0.0905,0
R006224,0.0921,0
R006863,0.6228,1
R008172,0.8859,1
R008637,0.5343,1
R009316,0.5521,1
R009344,0.5746,1
R002440,0.7174,1
R002689,0.5311,1
R004512,0.5821,1
R006176,0.2982,0
R006835,0.462,1
R006958,0.4844,1
R007057,0.3718,1
R008074,0.6558,1
R008696,0.1063,0
R000296,0.5171,1
R002148,0.5014,1
R003060,0.5245,1
R003201,0.3848,1
R003887,0.3678,1
R004577,0.5365,1
R005595,0.61,1
R006499,0.1782,0
R008177,0.3248,0
R009116,0.3902,1
R009347,0.6966,1
R009750,0.2109,0
R000018,0.5404,1
R000200,0.5313,1
R002872,0.2237,0
R003508,0.1491,0
R004169,0.6583,1
R004207,0.6103,1
R004828,0.2214,0
R006286,0.6019,1
R004497,0.8334,1
R006311,0.5083,1
R008121,0.1444,0
R008843,0.3691,1
R008846,0.1089,0
R009050,0.5823,1
R009063,0.4552,1
R009584,0.4023,1
R009707,0.3837,1
R001461,0.1372,0
R001542,0.523,1
R005689,0.3483,0
R005731,0.1385,0
R007281,0.3261,0
R007675,0.551,1
R008390,0.2597,0
R009020,0.359,1
R000143,0.2315,0
R000903,0.5632,1
R001476,0.4717,1
R002246,0.2054,0
R002459,0.5655,1
R002479,0.5991,1
R002978,0.6074,1
R003553,0.1803,0
R004501,0.1593,0
R004701,0.641,1
R005594,0.3763,1
R006400,0.3222,0
R007024,0.3866,1
R008853,0.3463,0
R009045,0.525,1
R009908,0.6872,1
R000069,0.0894,0
R003104,0.6268,1
R005349,0.3467,0
R006686,0.4216,1
R008575,0.6015,1
R009088,0.4463,1
R009182,0.1283,0
R000575,0.0383,0
R001996,0.6112,1
R003397,0.2959,0
R004021,0.5885,1
R004263,0.6111,1
R004540,0.3115,0
R004737,0.3542,1
R005705,0.2978,0
R005754,0.098,0
R006325,0.1891,0
R000073,0.1393,0
R000994,0.2839,0
R004792,0.2212,0
R004875,0.733,1
R005278,0.4388,1
R007373,0.4851,1
R007487,0.2989,0
R008719,0.6214,1
R008869,0.1284,0
R009305,0.3815,1
R001151,0.2948,0
R001340,0.3167,0
R003080,0.6042,1
R003879,0.5046,1
R004162,0.4328,1
R004368,0.5318,1
R005106,0.5236,1
R007251,0.5243,1
R009970,0.4295,1
R003098,0.7031,1
R003867,0.5469,1
R004066,0.5286,1
R004188,0.3623,1
R004192,0.1963,0
R005442,0.3084,0
R005453,0.6184,1
R005567,0.5436,1
R005805,0.611,1
R007579,0.1919,0
R008124,0.528,1
R009366,0.4486,1
R009676,0.4056,1
R009710,0.6486,1
R000026,0.1448,0
R002054,0.2176,0
R002656,0.2195,0
R003157,0.592,1
R004108,0.599,1
R004142,0.3046,0
R004322,0.1173,0
R005978,0.3397,0
R007368,0.3139,0
R007899,0.525,1
R008805,0.3204,0
R000226,0.3374,0
R000247,0.2866,0
R000433,0.2034,0
R002016,0.2445,0
R003718,0.1634,0
R005835,0.411,1
R007776,0.2089,0
R007881,0.3703,1
R008410,0.7324,1
R009934,0.6227,1
R001170,0.6531,1
R001919,0.1713,0
R001967,0.5734,1
R005951,0.6689,1
R006723,0.3085,0
R008044,0.5051,1
R000564,0.5439,1
R001455,0.5472,1
R006235,0.2835,0
R006695,0.3547,1
R008202,0.6294,1
R000680,0.628,1
R001160,0.2732,0
R001765,0.6621,1
R002740,0.3968,1
R006882,0.2716,0
R006981,0.4713,1
R007955,0.3649,1
R009081,0.2783,0
R001586,0.427,1
R003550,0.1086,0
R003689,0.5517,1
R004182,0.3455,0
R004240,0.7119,1
R005211,0.5986,1
R007201,0.4458,1
R007407,0.2798,0
R007801,0.6011,1
R008085,0.7558,1
R008765,0.4791,1
R009487,0.353,1
R000649,0.3849,1
R003066,0.297,0
R003159,0.1574,0
R004973,0.2544,0
R005511,0.333,0
R005760,0.4233,1
R006791,0.4357,1
R008294,0.2857,0
R008296,0.3165,0
R008671,0.6501,1
R002586,0.6085,1
R003427,0.3776,1
R003794,0.1163,0
R004008,0.1556,0
R004019,0.2502,0
R005954,0.1022,0
R006617,0.9585,1
R006676,0.0485,0
R007183,0.5149,1
R009327,0.3382,0
R000070,0.5623,1
R000825,0.5365,1
R001660,0.3015,0
R003102,0.228,0
R004687,0.6318,1
R005968,0.1061,0
R006942,0.4416,1
R007346,0.3186,0
R008722,0.2022,0
R000861,0.4711,1
R002114,0.6314,1
R003356,0.5791,1
R005016,0.2465,0
R005905,0.1653,0
R005906,0.2448,0
R008723,0.1675,0
R009349,0.2403,0
R000812,0.5904,1
R002207,0.444,1
R002316,0.399,1
R002486,0.5304,1
R004222,0.7951,1
R004850,0.5856,1
R005935,0.6345,1
R006622,0.5435,1
R007824,0.2758,0
R008036,0.5574,1
R000945,0.2562,0
R001516,0.6173,1
R003079,0.4398,1
R003761,0.2021,0
R005030,0.2062,0
R005733,0.4509,1
R007389,0.5608,1
R007492,0.1097,0
R008033,0.6423,1
R008169,0.4011,1
R009618,0.5232,1
R000470,0.4782,1
R001104,0.1884,0
R002248,0.3312,0
R003329,0.1737,0
R007667,0.6169,1
R001144,0.233,0
R002295,0.2555,0
R002577,0.2879,0
R006767,0.7497,1
R008162,0.1048,0
R008670,0.7084,1
R009523,0.5227,1
R009856,0.219,0
R000483,0.247,0
R001733,0.3726,1
R002201,0.1956,0
R002448,0.5547,1
R003790,0.679,1
R006106,0.195,0
R006890,0.5857,1
R007142,0.4724,1
R007856,0.5667,1
R009526,0.1234,0
R002249,0.3729,1
R003186,0.3662,1
R006166,0.5695,1
R006221,0.5573,1
R006251,0.4881,1
R007001,0.4182,1
R009499,0.3717,1
R002287,0.1995,0
R002318,0.5837,1
R002770,0.584,1
R002896,0.2651,0
R003758,0.2479,0
R004475,0.1291,0
R004674,0.4738,1
R006128,0.5225,1
R007676,0.5536,1
R007946,0.2808,0
R008539,0.2204,0
R008593,0.3217,0
R008716,0.3734,1
R008777,0.4049,1
R008791,0.2097,0
R009035,0.6848,1
R000091,0.3884,1
R000398,0.5908,1
R001175,0.1438,0
R005317,0.2002,0
R005546,0.0337,0
R005633,0.4478,1
R008630,0.2954,0
R008988,0.3848,1
R000765,0.6385,1
R001829,0.7692,1
R002120,0.0605,0
R003930,0.3416,0
R006239,0.4266,1
R007432,0.1989,0
R007907,0.2862,0
R008364,0.7271,1
R009258,0.3053,0
R000240,0.3958,1
R000912,0.2679,0
R006155,0.5293,1
R006287,0.0502,0
R008680,0.0287,0
R009314,0.0928,0
R009532,0.6573,1
R001914,0.2608,0
R002229,0.501,1
R002361,0.2694,0
R003917,0.2071,0
R005836,0.4112,1
R005992,0.5689,1
R007914,0.447,1
R000919,0.4604,1
R001307,0.2978,0
R001400,0.0628,0
R001537,0.0964,0
R001637,0.2583,0
R002447,0.3494,0
R002691,0.4746,1
R005253,0.5848,1
R005625,0.6658,1
R009937,0.6629,1
R009978,0.3198,0
R000317,0.6282,1
R000578,0.2909,0
R001502,0.4809,1
R001711,0.6551,1
R003277,0.6085,1
R003915,0.4068,1
R005600,0.0805,0
R006771,0.1884,0
R008968,0.4708,1
R009075,0.3198,0
R009168,0.8182,1
R009764,0.1568,0
R000934,0.5536,1
R003147,0.6392,1
R003230,0.904,1
R007891,0.5349,1
R008714,0.5778,1
R001433,0.7501,1
R003901,0.3299,0
R004155,0.4822,1
R005996,0.3968,1
R006900,0.2777,0
R007081,0.4241,1
R007250,0.4248,1
R001396,0.5677,1
R003459,0.5634,1
R005337,0.3198,0
R000185,0.4033,1
R000426,0.5278,1
R000588,0.5639,1
R000589,0.3375,0
R000776,0.4799,1
R000885,0.4148,1
R001373,0.1635,0
R001403,0.4303,1
R001610,0.3426,0
R002143,0.5042,1
R004521,0.3267,0
R005960,0.4396,1
R007247,0.6784,1
R008438,0.1897,0
R009674,0.4379,1
R000341,0.5746,1
R000487,0.6366,1
R001085,0.3522,1
R003003,0.2053,0
R003561,0.4397,1
R004070,0.3764,1
R004147,0.5911,1
R004918,0.1869,0
R005170,0.0533,0
R005225,0.27,0
R006934,0.4271,1
R007071,0.4845,1
R008875,0.1006,0
R000005,0.6598,1
R000600,0.5,1
R002809,0.5755,1
R002869,0.2844,0
R003254,0.744,1
R005572,0.4621,1
R006053,0.6257,1
R001726,0.4045,1
R002029,0.345,0
R002110,0.292,0
R002474,0.1759,0
R003051,0.7123,1
R003785,0.5437,1
R004036,0.0574,0
R005341,0.6932,1
R005533,0.6921,1
R006521,0.6087,1
R008067,0.3415,0
R009243,0.3788,1
R000709,0.3587,1
R000887,0.6859,1
R002064,0.4161,1
R002491,0.6119,1
R003433,0.2701,0
R003959,0.2543,0
R008218,0.1659,0
R008643,0.1882,0
R000898,0.6519,1
R001299,0.4453,1
R001672,0.4886,1
R002220,0.4073,1
R002266,0.2594,0
R002853,0.1406,0
R004844,0.277,0
R005491,0.3208,0
R006792,0.3295,0
R001079,0.6087,1
R001608,0.0988,0
R001721,0.4087,1
R001778,0.4209,1
R003827,0.5888,1
R003911,0.6152,1
R005799,0.1246,0
R007189,0.5671,1
R007643,0.4673,1
R008623,0.851,1
R000555,0.4442,1
R001498,0.443,1
R001625,0.1056,0
R004302,0.3637,1
R006369,0.6181,1
R006957,0.3642,1
R007878,0.4706,1
R008434,0.5378,1
R008823,0.5399,1
R009170,0.648,1
R009705,0.3362,0
R001870,0.6202,1
R002123,0.2412,0
R002255,0.7899,1
R003909,0.6113,1
R005231,0.413,1
R005801,0.5063,1
R005981,0.6187,1
R006859,0.5641,1
R009403,0.3942,1
R009528,0.4283,1
R009808,0.6291,1
R001987,0.195,0
R005443,0.4266,1
R006743,0.3593,1
R007262,0.3779,1
R007611,0.2612,0
R009620,0.3639,1
R000094,0.4624,1
R000285,0.7101,1
R000771,0.1363,0
R001130,0.5797,1
R001402,0.1649,0
R001703,0.5289,1
R001904,0.2108,0
R002371,0.4422,1
R002563,0.1537,0
R004154,0.6278,1
R007928,0.6181,1
R007968,0.3331,0
R008285,0.621,1
R000599,0.2997,0
R000769,0.2408,0
R002250,0.3895,1
R003687,0.0882,0
R007629,0.1229,0
R008278,0.7655,1
R001988,0.4915,1
R002094,0.6846,1
R003252,0.2173,0
R003521,0.2626,0
R003737,0.4673,1
R006302,0.5856,1
R006852,0.1761,0
R009427,0.4715,1
R000413,0.5736,1
R004045,0.4077,1
R005623,0.152,0
R005668,0.164,0
R006506,0.2791,0
R007855,0.5959,1
R008687,0.4592,1
R009146,0.7093,1
R009547,0.3034,0
R000330,0.4203,1
R003865,0.3298,0
R004084,0.1479,0
R004363,0.5203,1
R007021,0.3586,1
R007605,0.579,1
R009592,0.5091,1
R009807,0.3591,1
R001412,0.5464,1
R005683,0.5666,1
R006203,0.6422,1
R007509,0.434,1
R008144,0.3221,0
R000031,0.5482,1
R000381,0.0806,0
R002009,0.5722,1
R002206,0.0965,0
R002488,0.2818,0
R003589,0.4184,1
R004094,0.5491,1
R004965,0.6503,1
R006248,0.5483,1
R006418,0.4804,1
R009688,0.2367,0
R000373,0.5383,1
R002516,0.4442,1
R002707,0.3625,1
R003873,0.3043,0
R004364,0.4905,1
R008372,0.2411,0
R008839,0.5433,1
R009121,0.7035,1
R004703,0.6972,1
R004962,0.5158,1
R005079,0.7023,1
R005550,0.1758,0
R005813,0.5231,1
R006077,0.6673,1
R008167,0.5598,1
R002326,0.6137,1
R002339,0.1365,0
R002683,0.157,0
R005274,0.4262,1
R005891,0.484,1
R007903,0.1099,0
R008137,0.3184,0
R000313,0.4279,1
R003005,0.2252,0
R004433,0.088,0
R004930,0.1069,0
R005939,0.5403,1
R006545,0.2374,0
R008216,0.4232,1
R000374,0.6963,1
R002050,0.639,1
R002699,0.1937,0
R002939,0.5382,1
R003939,0.6645,1
R006524,0.1799,0
R007289,0.529,1
R008103,0.2498,0
R008691,0.4483,1
R002340,0.6709,1
R003283,0.4719,1
R004370,0.188,0
R005927,0.5083,1
R005971,0.0898,0
R006357,0.2734,0
R008855,0.307,0
R000269,0.6879,1
R000289,0.16,0
R000890,0.2738,0
R002018,0.7223,1
R003603,0.3042,0
R005819,0.358,1
R007259,0.5867,1
R007617,0.3186,0
R008129,0.7271,1
R008383,0.6791,1
R008741,0.1311,0
R009306,0.6534,1
R000054,0.4833,1
R001253,0.1679,0
R003425,0.3507,1
R004919,0.7958,1
R006263,0.3421,0
R006313,0.6659,1
R009140,0.3708,1
R000546,0.1422,0
R001404,0.345,0
R002987,0.1067,0
R003018,0.586,1
R003641,0.5908,1
R003818,0.684,1
R005957,0.5189,1
R006556,0.7895,1
R008877,0.1961,0
R009495,0.0756,0
R009496,0.497,1
R009715,0.3676,1
R009752,0.5634,1
R001469,0.1863,0
R002028,0.4185,1
R003101,0.5267,1
R004023,0.342,0
R006063,0.2887,0
R006150,0.6386,1
R009702,0.5189,1
R000072,0.4679,1
R000725,0.2825,0
R001568,0.5667,1
R006920,0.4905,1
R008405,0.4895,1
R000318,0.4352,1
R003056,0.4356,1
R003467,0.4832,1
R006036,0.0693,0
R007348,0.4162,1
R007482,0.2644,0
R007483,0.6496,1
R007621,0.775,1
R007890,0.5295,1
R008711,0.4678,1
R009767,0.2781,0
R001884,0.3714,1
R002946,0.387,1
R005074,0.6397,1
R005530,0.6471,1
R006512,0.6106,1
R007975,0.2114,0
R008356,0.1569,0
R008684,0.5679,1
R008960,0.4863,1
R000312,0.2256,0
R001024,0.2385,0
R001570,0.5918,1
R002019,0.6468,1
R002291,0.3517,1
R003093,0.6406,1
R003202,0.209,0
R004407,0.5421,1
R006157,0.4386,1
R006227,0.8357,1
R007274,0.3455,0
R008195,0.6661,1
R008518,0.4752,1
R009319,0.6439,1
R009396,0.4986,1
R000272,0.5277,1
R000511,0.2482,0
R001138,0.346,0
R005641,0.3342,0
R005667,0.4133,1
R007700,0.5709,1
R008376,0.2204,0
R008656,0.3849,1
R008889,0.3806,1
R009128,0.4,1
R001347,0.5489,1
R001616,0.3465,0
R003464,0.683,1
R003533,0.6799,1
R003755,0.4877,1
R003886,0.479,1
R005596,0.589,1
R006618,0.0702,0
R006765,0.2797,0
R000635,0.3538,1
R002093,0.4426,1
R004392,0.5651,1
R006323,0.6248,1
R007754,0.2992,0
R008989,0.6458,1
R009434,0.0875,0
R004426,0.2751,0
R004580,0.5086,1
R006408,0.2791,0
R007439,0.2169,0
R007513,0.5358,1
R009542,0.6335,1
R001075,0.4415,1
R001748,0.3839,1
R002526,0.1001,0
R002545,0.6432,1
R002631,0.195,0
R005066,0.3283,0
R007290,0.245,0
R007382,0.6034,1
R007772,0.4079,1
R009955,0.5272,1
R001551,0.3416,0
R003717,0.3437,0
R005647,0.6321,1
R006568,0.5995,1
R006857,0.509,1
R006861,0.7152,1
R007105,0.2767,0
R008010,0.3293,0
R008029,0.5894,1
R008546,0.3718,1
R009782,0.0953,0
R000907,0.7346,1
R001155,0.5769,1
R003920,0.175,0
R005738,0.573,1
R008496,0.2616,0
R008678,0.0456,0
R009450,0.4945,1
R009677,0.7177,1
R001867,0.2168,0
R003972,0.3585,1
R005116,0.652,1
R005781,0.5213,1
R006103,0.4043,1
R007697,0.4481,1
R008068,0.3433,0
R000781,0.4962,1
R002665,0.5964,1
R005537,0.4747,1
R005761,0.0533,0
R006635,0.3262,0
R006651,0.1399,0
R006685,0.1439,0
R007215,0.6653,1
R008871,0.3936,1
R009089,0.6411,1
R009548,0.0383,0
R001008,0.5565,1
R001262,0.654,1
R001464,0.3023,0
R001506,0.5226,1
R002492,0.418,1
R002806,0.3401,0
R003359,0.6419,1
R003389,0.186,0
R003678,0.5402,1
R004505,0.2884,0
R005675,0.4153,1
R006111,0.4119,1
R007876,0.4301,1
R009507,0.1469,0
R009851,0.5617,1
R001087,0.7289,1
R008126,0.5939,1
R009959,0.3969,1
R000482,0.2204,0
R000938,0.6425,1
R001688,0.698,1
R001878,0.4069,1
R002101,0.6782,1
R002286,0.5453,1
R002729,0.1846,0
R002756,0.3053,0
R004424,0.2941,0
R009062,0.2221,0
R001243,0.466,1
R001911,0.2104,0
R001968,0.6983,1
R002182,0.4389,1
R002776,0.2791,0
R003443,0.0849,0
R006510,0.3148,0
R006898,0.1968,0
R007284,0.5176,1
R008544,0.2033,0
R009237,0.6962,1
R009673,0.6637,1
R009722,0.1522,0
R002049,0.6024,1
R002081,0.6813,1
R008739,0.8894,1
R009272,0.2992,0
R000115,0.2935,0
R000250,0.3402,0
R000951,0.1411,0
R001595,0.4682,1
R003082,0.1542,0
R003742,0.1726,0
R004819,0.2206,0
R005126,0.5332,1
R005467,0.8603,1
R006127,0.5408,1
R007327,0.4941,1
R007726,0.4012,1
R008181,0.561,1
R005025,0.2884,0
R005499,0.2619,0
R005520,0.1712,0
R007319,0.4605,1
R000627,0.5492,1
R001538,0.6412,1
R004513,0.4319,1
R004550,0.1212,0
R005435,0.412,1
R006624,0.57,1
R007004,0.5548,1
R009346,0.4228,1
R000540,0.5467,1
R000842,0.5204,1
R001993,0.5536,1
R003081,0.4127,1
R004180,0.5029,1
R005083,0.3306,0
R005833,0.2598,0
R007623,0.2017,0
R007953,0.7492,1
R008342,0.6999,1
R008793,0.5722,1
R000324,0.5403,1
R001328,0.637,1
R001339,0.6738,1
R002348,0.4055,1
R005151,0.4066,1
R005284,0.5571,1
R005882,0.2165,0
R006591,0.6124,1
R006785,0.5606,1
R008636,0.4143,1
R000665,0.2054,0
R000925,0.1038,0
R002138,0.5691,1
R003070,0.7209,1
R005461,0.5406,1
R005815,0.1142,0
R007845,0.1287,0
R008333,0.5032,1
R009256,0.6099,1
R000952,0.5278,1
R001295,0.5852,1
R001979,0.2313,0
R002820,0.4364,1
R003571,0.1452,0
R003634,0.6809,1
R006086,0.202,0
R007228,0.4612,1
R007956,0.4495,1
R000188,0.1491,0
R000634,0.3919,1
R002764,0.83,1
R003541,0.4419,1
R007271,0.742,1
R008406,0.1474,0
R004679,0.616,1
R005549,0.3913,1
R005685,0.1667,0
R006970,0.6915,1
R007286,0.5132,1
R007490,0.4742,1
R000748,0.243,0
R002647,0.4944,1
R003025,0.1625,0
R006523,0.5804,1
R007059,0.1893,0
R007813,0.6495,1
R009205,0.224,0
R001221,0.6468,1
R001265,0.4127,1
R002056,0.4981,1
R003463,0.4678,1
R004414,0.6854,1
R005509,0.4584,1
R006705,0.5524,1
R008450,0.2084,0
R009007,0.2739,0
R009228,0.2394,0
R001682,0.3245,0
R004626,0.1369,0
R004706,0.4691,1
R004741,0.2617,0
R004842,0.6505,1
R002553,0.308,0
R004715,0.2772,0
R006814,0.8039,1
R007701,0.5934,1
R001264,0.5302,1
R001365,0.357,1
R003174,0.5497,1
R003207,0.6353,1
R003746,0.5702,1
R003954,0.2332,0
R004913,0.6784,1
R005204,0.1091,0
R005360,0.5602,1
R006383,0.2475,0
R007674,0.1445,0
R001353,0.3273,0
R002128,0.6646,1
R002612,0.6512,1
R003525,0.4829,1
R003951,0.5916,1
R004471,0.6895,1
R008092,0.1125,0
R008315,0.2226,0
R009106,0.5214,1
R000905,0.5729,1
R002824,0.6181,1
R004164,0.5148,1
R005186,0.5415,1
R008176,0.1095,0
R001017,0.7105,1
R003803,0.5715,1
R004158,0.6223,1
R004403,0.6317,1
R005344,0.5536,1
R005427,0.5126,1
R006015,0.1256,0
R008286,0.1546,0
R008289,0.4933,1
R009282,0.593,1
R009451,0.4098,1
R000248,0.3191,0
R000337,0.6767,1
R002888,0.5197,1
R003706,0.2862,0
R005283,0.4836,1
R006085,0.244,0
R006092,0.0462,0
R008194,0.479,1
R008377,0.4547,1
R009474,0.3344,0
R000160,0.0444,0
R002413,0.5863,1
R005473,0.1097,0
R007108,0.7328,1
R009257,0.7238,1
R000780,0.4901,1
R003624,0.1261,0
R003728,0.4187,1
R004120,0.2457,0
R005092,0.524,1
R005484,0.575,1
R005796,0.5388,1
R006699,0.4874,1
R001807,0.4356,1
R001916,0.6281,1
R002890,0.0971,0
R003574,0.2483,0
R003926,0.2962,0
R004097,0.4471,1
R004274,0.6796,1
R005970,0.4647,1
R005995,0.2168,0
R009944,0.4419,1
R000449,0.491,1
R001686,0.2091,0
R001959,0.4862,1
R003488,0.5207,1
R004128,0.5234,1
R006149,0.2739,0
R006820,0.3633,1
R008120,0.5752,1
R009317,0.5777,1
R000310,0.4393,1
R001477,0.3783,1
R002109,0.5356,1
R003001,0.4995,1
R003484,0.3833,1
R003990,0.4156,1
R006992,0.659,1
R009090,0.4624,1
R009171,0.2842,0
R000577,0.7257,1
R001023,0.529,1
R004690,0.7514,1
R005004,0.5332,1
R005139,0.5904,1
R005243,0.688,1
R005696,0.1914,0
R006848,0.3874,1
R000216,0.4244,1
R002681,0.1377,0
R003519,0.2739,0
R006716,0.2177,0
R009360,0.6564,1
R000131,0.4443,1
R003523,0.186,0
R003854,0.359,1
R005497,0.2302,0
R006363,0.4813,1
R007992,0.539,1
R009175,0.2313,0
R000385,0.2493,0
R000438,0.1081,0
R003336,0.4193,1
R004697,0.5427,1
R005848,0.6259,1
R005972,0.4289,1
R008619,0.3908,1
R001523,0.6584,1
R003048,0.4663,1
R003622,0.5115,1
R004208,0.543,1
R005915,0.5834,1
R006158,0.7052,1
R009906,0.7782,1
R001623,0.0616,0
R002045,0.2447,0
R002743,0.4295,1
R004462,0.5469,1
R005854,0.7415,1
R006068,0.6644,1
R008841,0.2669,0
R008892,0.4106,1
R008936,0.2219,0
R000574,0.5198,1
R002763,0.3544,1
R003375,0.2627,0
R003492,0.6789,1
R003988,0.2715,0
R004938,0.5578,1
R005015,0.5579,1
R005038,0.2939,0
R009971,0.1851,0
R009985,0.582,1
R000621,0.2926,0
R000673,0.3053,0
R002777,0.6661,1
R003481,0.4084,1
R003552,0.5949,1
R004107,0.3912,1
R006034,0.4069,1
R006810,0.4203,1
R007114,0.6349,1
R008933,0.2765,0
R009353,0.1384,0
R009743,0.6685,1
R000339,0.4739,1
R005006,0.1178,0
R006002,0.8097,1
R007360,0.3437,0
R008175,0.6761,1
R008730,0.3587,1
R009181,0.7048,1
R009472,0.7463,1
R009517,0.3916,1
R000180,0.0914,0
R001039,0.6165,1
R001069,0.1489,0
R004798,0.3569,1
R004801,0.544,1
R005887,0.5023,1
R006457,0.5848,1
R006594,0.4845,1
R006755,0.6707,1
R008320,0.3521,1
R009397,0.3339,0
R009445,0.3856,1
R000848,0.4419,1
R000937,0.599,1
R002632,0.0717,0
R003139,0.3057,0
R005229,0.0768,0
R007612,0.5621,1
R007949,0.3349,0
R009447,0.3113,0
R009634,0.3073,0
R000239,0.4411,1
R000614,0.4705,1
R001801,0.5757,1
R002364,0.7388,1
R002469,0.559,1
R004214,0.479,1
R005313,0.2621,0
R005490,0.5977,1
R005938,0.496,1
R006662,0.3923,1
R007187,0.4266,1
R007467,0.3606,1
R001364,0.4516,1
R001999,0.5393,1
R002015,0.0333,0
R004470,0.2044,0
R005521,0.1359,0
R006966,0.4421,1
R008481,0.5704,1
R002487,0.3761,1
R002919,0.4555,1
R003811,0.1576,0
R005669,0.3491,0
R007064,0.2823,0
R007339,0.363,1
R008392,0.4517,1
R008624,0.6618,1
R002713,0.2335,0
R007293,0.5825,1
R007440,0.1908,0
R007833,0.56,1
R008214,0.5908,1
R002540,0.372,1
R003253,0.542,1
R005403,0.4654,1
R006735,0.5597,1
R007137,0.2164,0
R002969,0.7124,1
R003370,0.4992,1
R003451,0.5283,1
R005751,0.5399,1
R005752,0.2104,0
R006090,0.256,0
R007394,0.3024,0
R008273,0.3111,0
R008861,0.2672,0
R009586,0.4839,1
R000502,0.207,0
R000537,0.4152,1
R002797,0.6865,1
R004143,0.2598,0
R005959,0.5609,1
R007574,0.1642,0
R008786,0.4713,1
R008904,0.5841,1
R000364,0.528,1
R001273,0.6653,1
R002589,0.7574,1
R003586,0.2847,0
R003880,0.3229,0
R004756,0.7912,1
R006414,0.2602,0
R006601,0.6667,1
R007885,0.326,0
R008430,0.3993,1
R008803,0.4451,1
R009241,0.4807,1
R009558,0.4453,1
R009631,0.321,0
R000345,0.4617,1
R001454,0.2774,0
R003058,0.401,1
R003683,0.537,1
R004126,0.5457,1
R004484,0.5443,1
R005029,0.3751,1
R005214,0.6944,1
R005829,0.3385,0
R006096,0.3316,0
R007652,0.3799,1
R007722,0.3379,0
R008631,0.6509,1
R009632,0.4013,1
R001577,0.3656,1
R004686,0.5429,1
R006116,0.7278,1
R007797,0.6554,1
R009701,0.4429,1
R001809,0.4161,1
R001853,0.7556,1
R001903,0.2253,0
R002717,0.3411,0
R004420,0.547,1
R005119,0.775,1
R005587,0.3937,1
R007762,0.3903,1
R008013,0.173,0
R008992,0.465,1
R009536,0.1325,0
R009680,0.5941,1
R000183,0.2521,0
R000386,0.5253,1
R001244,0.5609,1
R002587,0.5931,1
R005722,0.5158,1
R007898,0.4359,1
R008160,0.4255,1
R008422,0.6095,1
R008848,0.5818,1
R009869,0.6273,1
